<beans xmlns="http://www.springframework.org/schema/beans"
	xmlns:xsi="http://www.w3.org/2001/XMLSchema-instance" xmlns:context="http://www.springframework.org/schema/context"
	xsi:schemaLocation="http://www.springframework.org/schema/beans
     http://www.springframework.org/schema/beans/spring-beans-4.0.xsd
     http://www.springframework.org/schema/context
     http://www.springframework.org/schema/context/spring-context-4.0.xsd">
	
		 
	<bean id="emp" class="com.cg.lab.service.Employee">
	 <property name="employeeName" value="Sunny"></property>
	
	<property name="employeeId" value="160861"></property>
	<property name="salary" value="25000.00"></property>
	<property name="bussinessUnit" ref="sbu"></property>  
	</bean>
	
	<bean id="sbu" class="com.cg.lab.service.SBU">
	 <property name="sbuId" value="43"></property>
	<property name="sbuName" value="Java FS"></property>
	<property name="sbuHead" value="Rahul"></property>

	</bean>
	
	 
</beans>